id,extracted_text_full
1948,"<tafsir_chunk>
<opinions_of_scholars>
        والدليل على أن روح القدس هو جبريل ، كما نص عليه <source/>ابن مسعود في تفسير هذه الآية ، وتابعه على ذلك [ <source/>ابن عباس و ] <source/>محمد بن كعب القرظي ، و <source/>إسماعيل بن أبي خالد ، و <source/>السدي ، و <source/>الربيع بن أنس ، و <source/>عطية العوفي ، و <source/>قتادة مع قوله تعالى : ( <quran_verse>نزل به الروح الأمين على قلبك لتكون من المنذرين [ بلسان عربي مبين ]</quran_verse> ) [ الشعراء : 193 - 195 ] 
        ما قال <source/>البخاري : وقال <isnad>ابن أبي الزناد ، عن أبيه ، عن عروة ، عن عائشة</isnad> : <hadith_support>أن رسول الله صلى الله عليه وسلم وضع لحسان بن ثابت منبرا في المسجد ، فكان ينافح عن رسول الله صلى الله عليه وسلم ، فقال : رسول الله صلى الله عليه وسلم : "" <hadith>اللهم أيد حسان بروح القدس كما نافح عن نبيك</hadith> "" .</hadith_support> وهذا من <source/>البخاري تعليق . 
        وقد رواه <source/>أبو داود في <source/>سننه ، عن <isnad>لوين</isnad> ، و <source/>الترمذي ، عن <isnad>علي بن حجر ، وإسماعيل بن موسى الفزاري ، ثلاثتهم عن عبد الرحمن بن أبي الزناد ، عن أبيه وهشام بن عروة ، كلاهما عن عروة ، عن عائشة</isnad> به . وقال <source/>الترمذي : <chain_evaluation>حسن صحيح</chain_evaluation> ، وهو حديث <source/>أبي الزناد . 
        وفي <source/>الصحيحين من حديث <isnad>سفيان بن عيينة ، عن الزهري ، عن سعيد بن المسيب ، عن أبي هريرة</isnad> : <hadith_support>أن عمر مر بحسان ، وهو ينشد الشعر في المسجد فلحظ إليه ، فقال : قد كنت أنشد فيه ، وفيه من هو خير منك . ثم التفت إلى أبي هريرة ، فقال : أنشدك الله أسمعت رسول الله صلى الله عليه وسلم يقول : "" <hadith>أجب عني ، اللهم أيده بروح القدس</hadith> "" ؟ . فقال : اللهم نعم .</hadith_support> 
        وفي بعض الروايات : أن رسول الله صلى الله عليه وسلم قال لحسان : "" <hadith>اهجهم أو : هاجهم وجبريل معك</hadith> "" . [ وفي شعر <source/>حسان قوله : وجبريل رسول الله ينادي وروح القدس ليس به خفاء ]
      </opinions_of_scholars>
</tafsir_chunk>"
2133,"<tafsir_chunk>
<chain_evaluation>وأقرب ما في هذا أنه من رواية عبد الله بن عمر ، عن كعب الأحبار ، لا عن النبي صلى الله عليه وسلم</chain_evaluation> ، كما قال <source/>عبد الرزاق في تفسيره ، عن <isnad>الثوري ، عن موسى بن عقبة ، عن سالم ، عن ابن عمر ، عن كعب</isnad> ، قال : 
      <opinions_of_scholars>
<israiliyyat>ذكرت الملائكة أعمال بني آدم ، وما يأتون من الذنوب ، فقيل لهم : اختاروا منكم اثنين ، فاختاروا هاروت وماروت . فقال لهما : إني أرسل إلى بني آدم رسلا وليس بيني وبينكم رسول ، انزلا لا تشركا بي شيئا ولا تزنيا ولا تشربا الخمر . قال كعب : فوالله ما أمسيا من يومهما الذي أهبطا فيه حتى استكملا جميع ما نهيا عنه .</israiliyyat>
</opinions_of_scholars>
      ورواه <source/>ابن جرير من طريقين ، عن <source/>عبد الرزاق ، به . 
      ورواه <source/>ابن أبي حاتم ، عن <isnad>أحمد بن عصام ، عن مؤمل ، عن سفيان الثوري</isnad> ، به . 
      ورواه <source/>ابن جرير أيضا : حدثني <isnad>المثنى ، حدثنا المعلى وهو ابن أسد حدثنا عبد العزيز بن المختار ، عن موسى بن عقبة ، حدثني سالم</isnad> أنه سمع عبد الله يحدث ، عن <source/>كعب الأحبار ، فذكره . 
      <chain_evaluation>فهذا أصح وأثبت إلى عبد الله بن عمر من الإسنادين المتقدمين ، وسالم أثبت في أبيه من مولاه نافع . فدار الحديث ورجع إلى نقل كعب الأحبار ، عن كتب بني إسرائيل ، والله أعلم .</chain_evaluation>
</tafsir_chunk>"
2407,"<tafsir_chunk>
<source/>وقال الإمام أحمد : 
      <isnad>حدثنا موسى بن داود ، حدثنا فليح بن سليمان ، عن هلال بن علي ، عن عطاء بن يسار</isnad> ، قال : 
      <hadith>لقيت عبد الله بن عمرو بن العاص ، فقلت : أخبرني عن صفة رسول الله صلى الله عليه وسلم في التوراة . فقال : أجل ، والله إنه لموصوف في التوراة بصفته في القرآن : يا أيها النبي إنا أرسلناك شاهدا ومبشرا ونذيرا ، وحرزا للأميين ، وأنت عبدي ورسولي ، سميتك المتوكل ، لا فظ ولا غليظ ولا سخاب في الأسواق ، ولا يدفع بالسيئة السيئة ولكن يعفو ويغفر ، ولن يقبضه حتى يقيم به الملة العوجاء ، بأن يقولوا : لا إله إلا الله . فيفتح به أعينا عميا ، وآذانا صما ، وقلوبا غلفا .</hadith>
<source/>انفرد بإخراجه البخاري ، فرواه في <source/>البيوع عن <isnad>محمد بن سنان ، عن فليح</isnad> ، به . 
      وقال : تابعه <isnad>عبد العزيز بن أبي سلمة ، عن هلال</isnad> . 
      وقال <source/>سعيد : عن <isnad>هلال ، عن عطاء ، عن عبد الله بن سلام</isnad> . 
      ورواه في <source/>التفسير عن <isnad>عبد الله ، عن عبد العزيز بن أبي سلمة ، عن هلال ، عن عطاء ، عن عبد الله بن عمرو بن العاص</isnad> ، به . فذكر نحوه ، فعبد الله هذا هو <source/>ابن صالح ، كما صرح به في كتاب الأدب . 
      <opinions_of_scholars>وزعم <source/>أبو مسعود الدمشقي أنه <source/>عبد الله بن رجاء .</opinions_of_scholars>
</tafsir_chunk>"
2441,"<tafsir_chunk>
<opinions_of_scholars>
        وقال <source/>ابن أبي حاتم : حدثنا <isnad>أبو سعيد الأشج ، حدثنا إسماعيل بن علية ، عن أبي رجاء</isnad> ، عن <source/>الحسن يعني البصري : ( <quran_verse>وإذ ابتلى إبراهيم ربه بكلمات [ فأتمهن ]</quran_verse> ) قال : ابتلاه بالكوكب فرضي عنه ، وابتلاه بالقمر فرضي عنه ، وابتلاه بالشمس فرضي عنه ، وابتلاه بالهجرة فرضي عنه ، وابتلاه بالختان فرضي عنه ، وابتلاه بابنه فرضي عنه . 
        وقال <source/>ابن جرير : حدثنا <isnad>بشر بن معاذ ، حدثنا يزيد بن زريع ، حدثنا سعيد ، عن قتادة</isnad> ، قال : كان <source/>الحسن يقول : أي والله ، ابتلاه بأمر فصبر عليه : ابتلاه بالكوكب والشمس والقمر ، فأحسن في ذلك ، وعرف أن ربه دائم لا يزول ، فوجه وجهه للذي فطر السماوات والأرض حنيفا وما كان من المشركين . ثم ابتلاه بالهجرة فخرج من بلاده وقومه حتى لحق بالشام مهاجرا إلى الله ، ثم ابتلاه بالنار قبل الهجرة فصبر على ذلك . وابتلاه الله بذبح ابنه والختان فصبر على ذلك . 
        وقال <source/>عبد الرزاق : أخبرنا <isnad>معمر ، عمن سمع الحسن</isnad> يقول في قوله : ( <quran_verse>وإذ ابتلى إبراهيم ربه بكلمات [ فأتمهن ]</quran_verse> ) قال : ابتلاه الله بذبح ولده ، وبالنار ، والكوكب والشمس ، والقمر . 
        وقال <source/>أبو جعفر بن جرير : حدثنا <isnad>ابن بشار ، حدثنا سلم بن قتيبة ، حدثنا أبو هلال</isnad> ، عن <source/>الحسن ( <quran_verse>وإذ ابتلى إبراهيم ربه بكلمات</quran_verse> ) قال : ابتلاه بالكوكب ، والشمس ، والقمر ، فوجده صابرا .
      </opinions_of_scholars>
</tafsir_chunk>"
2451,"<tafsir_chunk>
<opinions_of_scholars>
        وقال <source/>ابن أبي حاتم : أخبرنا <isnad>عمرو بن ثور القيساري فيما كتب إلي ، حدثنا الفريابي ، حدثنا إسرائيل ، حدثنا سماك بن حرب</isnad> ، عن <source/>عكرمة ، عن <source/>ابن عباس ، قال : قال الله لإبراهيم : ( <quran_verse>إني جاعلك للناس إماما قال ومن ذريتي</quran_verse> ) فأبى أن يفعل ، ثم قال : ( <quran_verse>لا ينال عهدي الظالمين</quran_verse> ) 
        وقال <source/>محمد بن إسحاق ، عن <isnad>محمد بن أبي محمد ، عن سعيد أو عكرمة</isnad> ، عن <source/>ابن عباس : ( <quran_verse>قال ومن ذريتي قال لا ينال عهدي الظالمين</quran_verse> ) يخبره أنه كائن في ذريته ظالم لا ينال عهده ولا ينبغي [ له ] أن يوليه شيئا من أمره وإن كان من ذرية خليله ومحسن ستنفذ فيه دعوته ، وتبلغ له فيه ما أراد من مسألته . 
        وقال <source/>العوفي ، عن <source/>ابن عباس : ( <quran_verse>لا ينال عهدي الظالمين</quran_verse> ) قال : يعني لا عهد لظالم عليك في ظلمه ، أن تطيعه فيه . 
        وقال <source/>ابن جرير : حدثنا <isnad>المثنى ، حدثنا إسحاق ، حدثنا عبد الرحمن بن عبد الله ، عن إسرائيل ، عن مسلم الأعور</isnad> ، عن <source/>مجاهد ، عن <source/>ابن عباس ، قال : ( <quran_verse>لا ينال عهدي الظالمين</quran_verse> ) قال : ليس للظالمين عهد ، وإن عاهدته فانتقضه .
      </opinions_of_scholars>
</tafsir_chunk>"
2455,"<tafsir_chunk>
<opinions_of_scholars>
        قال <source/>العوفي ، عن <isnad>ابن عباس</isnad> : قوله تعالى : ( <quran_verse>وإذ جعلنا البيت مثابة للناس</quran_verse> ) يقول : لا يقضون منه وطرا ، يأتونه ، ثم يرجعون إلى أهليهم ، ثم يعودون إليه . 
        وقال <source/>علي بن أبي طلحة ، عن <isnad>ابن عباس</isnad> : ( <quran_verse>مثابة للناس</quran_verse> ) يقول : يثوبون . رواهما <source/>ابن جرير . 
        وقال <source/>ابن أبي حاتم : أخبرنا <isnad>أبي ، أخبرنا عبد الله بن رجاء ، أخبرنا إسرائيل ، عن مسلم ، عن مجاهد</isnad> ، عن <source/>ابن عباس ، في قوله تعالى : ( <quran_verse>وإذ جعلنا البيت مثابة للناس</quran_verse> ) قال : يثوبون إليه ثم يرجعون . 
        قال : وروي عن <source/>أبي العالية ، وسعيد بن جبير في رواية و <source/>عطاء ، ومجاهد ، والحسن ، وعطية ، والربيع بن أنس ، والضحاك ، نحو ذلك .
      </opinions_of_scholars>
</tafsir_chunk>"
2462,"<tafsir_chunk>
<hadith_support>
        وقال <source/>ابن أبي حاتم : حدثنا <isnad>الحسن بن محمد بن الصباح ، حدثنا عبد الوهاب بن عطاء ، عن ابن جريج ، عن جعفر بن محمد ، عن أبيه</isnad> ، سمع <source/>جابرا يحدث عن حجة النبي صلى الله عليه وسلم قال : <hadith>لما طاف النبي صلى الله عليه وسلم قال له عمر : هذا مقام أبينا إبراهيم ؟ قال : نعم ، قال : أفلا نتخذه مصلى ؟ فأنزل الله ، عز وجل : ( <quran_verse>واتخذوا من مقام إبراهيم مصلى</quran_verse> ) .</hadith>
        وقال <source/>عثمان بن أبي شيبة : أخبرنا <isnad>أبو أسامة ، عن زكريا ، عن أبي إسحاق ، عن أبي ميسرة</isnad> قال : قال <source/>عمر : <hadith>قلت : يا رسول الله ، هذا مقام خليل ربنا ؟ قال : نعم ، قال : أفلا نتخذه مصلى ؟ فنزلت : ( <quran_verse>واتخذوا من مقام إبراهيم مصلى</quran_verse> ) .</hadith>
        وقال <source/>ابن مردويه : حدثنا <isnad>دعلج بن أحمد ، حدثنا غيلان بن عبد الصمد ، حدثنا مسروق بن المرزبان ، حدثنا زكريا بن أبي زائدة ، عن أبي إسحاق عن عمرو بن ميمون</isnad> عن <source/>عمر بن الخطاب أنه مر بمقام إبراهيم فقال : <hadith>يا رسول الله ، أليس نقوم مقام خليل ربنا ؟ قال : "" بلى "" . قال : أفلا نتخذه مصلى ؟ فلم يلبث إلا يسيرا حتى نزلت : ( <quran_verse>واتخذوا من مقام إبراهيم مصلى</quran_verse> )</hadith>
</hadith_support>
</tafsir_chunk>"
2466,"<tafsir_chunk>
<hadith_support>
        وقال <source/>الإمام أحمد : حدثنا <isnad>هشيم ، حدثنا حميد</isnad> ، عن <source/>أنس ، قال : قال <source/>عمر رضي الله عنه : <hadith>وافقت ربي عز وجل في ثلاث ، قلت : يا رسول الله ، لو اتخذنا من مقام إبراهيم مصلى ؟ فنزلت : ( <quran_verse>واتخذوا من مقام إبراهيم مصلى</quran_verse> ) وقلت : يا رسول الله ، إن نساءك يدخل عليهن البر والفاجر ، فلو أمرتهن أن يحتجبن ؟ فنزلت آية الحجاب . واجتمع على رسول الله صلى الله عليه وسلم نساؤه في الغيرة فقلت لهن : ( <quran_verse>عسى ربه إن طلقكن أن يبدله أزواجا خيرا منكن</quran_verse> ) [ التحريم : 5 ] فنزلت كذلك .</hadith> 
        ثم رواه <source/>أحمد ، عن <isnad>يحيى وابن أبي عدي ، كلاهما عن حميد ، عن أنس</isnad> ، عن <source/>عمر أنه قال : وافقت ربي في ثلاث ، أو وافقني ربي في ثلاث فذكره . 
        وقد رواه <source/>البخاري عن <source/>عمرو بن عون و <source/>الترمذي عن <source/>أحمد بن منيع ، و <source/>النسائي عن <source/>يعقوب بن إبراهيم الدورقي ، و <source/>ابن ماجه عن <source/>محمد بن الصباح ، كلهم عن <isnad>هشيم بن بشير</isnad> ، به . 
        ورواه <source/>الترمذي أيضا عن <isnad>عبد بن حميد ، عن حجاج بن منهال ، عن حماد بن سلمة</isnad> ، و <source/>النسائي عن <isnad>هناد ، عن يحيى بن أبي زائدة</isnad> ، كلاهما عن <source/>حميد ، وهو <source/>ابن تيرويه الطويل ، به . 
        <chain_evaluation>وقال <source/>الترمذي : حسن صحيح .</chain_evaluation>
        ورواه <source/>الإمام علي بن المديني عن <isnad>يزيد بن زريع ، عن حميد</isnad> به . وقال : هذا من صحيح الحديث ، وهو بصري ، ورواه <source/>الإمام مسلم بن الحجاج في صحيحه بسند آخر ، ولفظ آخر ، فقال : حدثنا <isnad>عقبة بن مكرم ، أخبرنا سعيد بن عامر ، عن جويرية بن أسماء ، عن نافع ، عن ابن عمر</isnad> ، عن <source/>عمر ، قال : وافقت ربي في ثلاث : في الحجاب ، وفي أسارى بدر ، وفي مقام إبراهيم .
      </hadith_support>
</tafsir_chunk>"
2468,"<tafsir_chunk>
<hadith_support>
        وقال <source/>ابن جريج أخبرني <isnad>جعفر بن محمد ، عن أبيه عن جابر</isnad> : أن رسول الله صلى الله عليه وسلم رمل ثلاثة أشواط ، ومشى أربعا ، حتى إذا فرغ عمد إلى مقام إبراهيم فصلى خلفه ركعتين ، ثم قرأ : ( <quran_verse>واتخذوا من مقام إبراهيم مصلى</quran_verse> ) 
        وقال <source/>ابن جرير : حدثنا <isnad>يوسف بن سلمان حدثنا حاتم بن إسماعيل ، حدثنا جعفر بن محمد عن أبيه ، عن جابر</isnad> قال : <hadith>استلم رسول الله صلى الله عليه وسلم الركن ، فرمل ثلاثا ، ومشى أربعا ، ثم تقدم إلى مقام إبراهيم ، فقرأ : ( <quran_verse>واتخذوا من مقام إبراهيم مصلى</quran_verse> ) فجعل المقام بينه وبين البيت ، فصلى ركعتين .</hadith>
        وهذا قطعة من الحديث الطويل الذي رواه <source/>مسلم في صحيحه ، من حديث <isnad>حاتم بن إسماعيل</isnad> . 
        وروى <source/>البخاري بسنده ، عن <source/>عمرو بن دينار ، قال : سمعت <source/>ابن عمر يقول : قدم رسول الله صلى الله عليه وسلم فطاف بالبيت سبعا ، وصلى خلف المقام ركعتين .
      </hadith_support>
</tafsir_chunk>"
4144,"<tafsir_chunk>
<asbab_al_nuzul>
        وقد ذكر <source/>ابن جرير ، رحمه الله ، أن هذه الآية نزلت في شأن ثابت بن قيس بن شماس وامرأته حبيبة بنت عبد الله بن أبي ابن سلول . ولنذكر طرق حديثها ، واختلاف ألفاظه :
      </asbab_al_nuzul>
<asbab_al_nuzul>
<source/>قال الإمام مالك في موطئه : <isnad>عن يحيى بن سعيد ، عن عمرة بنت عبد الرحمن بن سعد بن زرارة ، أنها أخبرته عن حبيبة بنت سهل الأنصارية</isnad> ، <hadith>أنها كانت تحت ثابت بن قيس بن شماس ، وأن رسول الله صلى الله عليه وسلم خرج إلى الصبح فوجد حبيبة بنت سهل عند بابه في الغلس ، فقال رسول الله صلى الله عليه وسلم : "" من هذه ؟ "" قالت : أنا حبيبة بنت سهل . فقال : "" ما شأنك ؟ "" فقالت : لا أنا ولا ثابت بن قيس لزوجها فلما جاء زوجها ثابت بن قيس قال له رسول الله صلى الله عليه وسلم : "" هذه حبيبة بنت سهل قد ذكرت ما شاء الله أن تذكر "" . فقالت حبيبة : يا رسول الله ، كل ما أعطاني عندي . فقال رسول الله صلى الله عليه وسلم : "" خذ منها "" . فأخذ منها وجلست في أهلها .</hadith>
</asbab_al_nuzul>
<asbab_al_nuzul>
<source/>وهكذا رواه الإمام أحمد ، <isnad>عن عبد الرحمن بن مهدي ، عن مالك بإسناده مثله</isnad> . <source/>ورواه أبو داود ، <isnad>عن القعنبي ، عن مالك</isnad> . <source/>والنسائي ، <isnad>عن محمد بن مسلمة ، عن ابن القاسم ، عن مالك به</isnad> .
      </asbab_al_nuzul>
<asbab_al_nuzul>
        حديث آخر : عن عائشة : <source/>قال أبو داود وابن جرير : <isnad>حدثنا محمد بن معمر ، حدثنا أبو عامر ، حدثنا أبو عمرو السدوسي ، عن عبد الله بن أبي بكر عن عمرة ، عن عائشة</isnad> ، <hadith>أن حبيبة بنت سهل كانت تحت ثابت بن قيس بن شماس ، فضربها فكسر نغضها فأتت رسول الله صلى الله عليه وسلم بعد الصبح فاشتكته إليه ، فدعا رسول الله صلى الله عليه وسلم ثابتا فقال : "" خذ بعض مالها وفارقها "" . قال : ويصلح ذلك يا رسول الله ؟ قال : "" نعم "" . قال : فإني أصدقتها حديقتين ، فهما بيدها . فقال النبي صلى الله عليه وسلم : "" خذهما وفارقها "" . ففعل .</hadith> وهذا لفظ <source/>ابن جرير . وأبو عمرو السدوسي هو سعيد بن سلمة بن أبي الحسام .
      </asbab_al_nuzul>
<asbab_al_nuzul>
        حديث آخر فيه : عن ابن عباس رضي الله عنه : <source/>قال البخاري : <isnad>حدثنا أزهر بن جميل ، أخبرنا عبد الوهاب الثقفي ، حدثنا خالد ، عن عكرمة ، عن ابن عباس</isnad> : <hadith>أن امرأة ثابت بن قيس بن شماس أتت النبي صلى الله عليه وسلم ، فقالت : يا رسول الله ، ما أعتب عليه في خلق ولا دين ، ولكن أكره الكفر في الإسلام . فقال رسول الله صلى الله عليه وسلم : "" أتردين عليه حديقته ؟ "" قالت : نعم . قال رسول الله صلى الله عليه وسلم : "" اقبل الحديقة وطلقها تطليقة "" .</hadith> <source/>وكذا رواه النسائي ، <isnad>عن أزهر بن جميل بإسناده</isnad> ، مثله . <source/>ورواه البخاري أيضا ، <isnad>عن إسحاق الواسطي ، عن خالد هو ابن عبد الله الطحان ، عن خالد ، هو ابن مهران الحذاء ، عن عكرمة به</isnad> ، نحوه . <source/>وهكذا رواه البخاري أيضا من طرق ، <isnad>عن أيوب ، عن عكرمة ، عن ابن عباس</isnad> ، به . وفي بعضها أنها قالت : لا أطيقه ، تعني : بغضا . <chain_evaluation>وهذا الحديث من أفراد البخاري من هذا الوجه</chain_evaluation> .
      </asbab_al_nuzul>
<asbab_al_nuzul>
        ثم قال : <isnad>حدثنا سليمان بن حرب ، حدثنا حماد بن زيد ، عن أيوب ، عن عكرمة ، أن جميلة رضي الله عنها</isnad> . كذا قال ، والمشهور أن اسمها حبيبة [ كما تقدم ] . <source/>قال الحافظ أبو بكر بن مردويه في تفسيره : <isnad>حدثنا موسى بن هارون ، حدثنا أزهر بن مروان الرقاشي ، حدثنا عبد الأعلى ، حدثنا سعيد ، عن قتادة ، عن عكرمة ، عن ابن عباس</isnad> ، <hadith>أن جميلة بنت سلول أتت النبي صلى الله عليه وسلم فقالت : والله ما أعتب على ثابت بن قيس بن شماس في دين ولا خلق ، ولكنني أكره الكفر بعد الإسلام ، لا أطيقه بغضا . فقال النبي صلى الله عليه وسلم : "" تردين عليه حديقته ؟ "" قالت : نعم ، فأمره رسول الله صلى الله عليه وسلم أن يأخذ منها حديقته ولا يزداد .</hadith> <source/>وهكذا رواه ابن ماجه <isnad>عن أزهر بن مروان ، بإسناده</isnad> مثله سواء ، <chain_evaluation>وهو إسناد جيد مستقيم</chain_evaluation> .
      </asbab_al_nuzul>
<asbab_al_nuzul>
<source/>ورواه أيضا أبو القاسم البغوي ، <isnad>عن عبيد الله القواريري ، عن عبد الأعلى</isnad> ، مثله ، لكن <source/>قال ابن جرير : <isnad>حدثنا ابن حميد ، حدثنا يحيى بن واضح ، حدثنا الحسين بن واقد ، عن ثابت ، عن عبد الله بن رباح عن جميلة بنت أبي ابن سلول</isnad> : <hadith>أنها كانت تحت ثابت بن قيس ، فنشزت عليه ، فأرسل إليها النبي صلى الله عليه وسلم فقال : "" يا جميلة ، ما كرهت من ثابت ؟ "" قالت : والله ما كرهت منه دينا ولا خلقا ، إلا أني كرهت دمامته ! فقال لها : "" أتردين الحديقة ؟ "" قالت : نعم . فردت الحديقة ، وفرق بينهما .</hadith>
</asbab_al_nuzul>
<asbab_al_nuzul>
<source/>قال ابن جرير أيضا : <isnad>حدثنا محمد بن عبد الأعلى ، حدثنا المعتمر بن سليمان قال : قرأت على فضيل ، عن أبي جرير أنه سأل عكرمة : هل كان للخلع أصل ؟ قال : كان ابن عباس يقول</isnad> : <hadith>إن أول خلع كان في الإسلام في أخت عبد الله بن أبي ، أنها أتت رسول الله صلى الله عليه وسلم ، فقالت : يا رسول الله ، لا يجمع رأسي ورأسه شيء أبدا ، إني رفعت جانب الخباء ، فرأيته أقبل في عدة ، فإذا هو أشدهم سوادا ، وأقصرهم قامة وأقبحهم وجها . قال زوجها : يا رسول الله ، إني قد أعطيتها أفضل مالي ، حديقة لي ، فإن ردت علي حديقتي ؟ قال : "" ما تقولين ؟ "" قالت : نعم ، وإن شاء زدته . قال : ففرق بينهما .</hadith>
</asbab_al_nuzul>
<asbab_al_nuzul>
        حديث آخر : <source/>قال ابن ماجه : <isnad>حدثنا أبو كريب ، حدثنا أبو خالد الأحمر ، عن حجاج ، عن عمرو بن شعيب ، عن أبيه ، عن جده قال</isnad> : <hadith>كانت حبيبة بنت سهل تحت ثابت بن قيس بن شماس ، وكان رجلا دميما ، فقالت : يا رسول الله ، والله لولا مخافة الله إذا دخل علي بصقت في وجهه ! فقال رسول الله صلى الله عليه وسلم : "" أتردين عليه حديقته ؟ "" قالت : نعم . فردت عليه حديقته . قال ففرق بينهما رسول الله صلى الله عليه وسلم .</hadith>
</asbab_al_nuzul>
</tafsir_chunk>"
4402,"<tafsir_chunk>
<opinions_of_scholars>
<isnad>روي عن <source/>ابن عباس</isnad> أنهم كانوا أربعة آلاف 
        <isnad>وعنه : </isnad>كانوا ثمانية آلاف . 
        <isnad>وقال <source/>أبو صالح : </isnad>تسعة آلاف 
        <isnad>وعن <source/>ابن عباس : </isnad>أربعون ألفا 
        <isnad>وقال <source/>وهب بن منبه و<source/>أبو مالك : </isnad>كانوا بضعة وثلاثين ألفا 
      </opinions_of_scholars>
</tafsir_chunk>"
4769,"<tafsir_chunk>
      وقال <source/>ابن أبي حاتم :
      <isnad>حدثنا أبي ، حدثنا أبو الوليد ، حدثنا سليمان بن كثير ، عن الزهري ، عن أبي أمامة بن سهل بن حنيف ، عن أبيه</isnad> :
      <hadith_support>
        أن رسول الله صلى الله عليه وسلم نهى عن لونين من التمر : <technical_definitions>الجعرور</technical_definitions> و <technical_definitions>لون الحبيق</technical_definitions> . وكان الناس يتيممون شرار ثمارهم ثم يخرجونها في الصدقة ، فنزلت : ( <quran_verse>ولا تيمموا الخبيث منه تنفقون</quran_verse> ) .
      </hadith_support>
      ورواه <source/>أبو داود من حديث <isnad>سفيان بن حسين ، عن الزهري</isnad> [ به ] .
      ثم قال : أسنده <source/>أبو الوليد ، عن <isnad>سليمان بن كثير ، عن الزهري</isnad> ، ولفظه :
      <hadith>نهى رسول الله صلى الله عليه وسلم عن الجعرور ولون الحبيق أن يؤخذا في الصدقة .</hadith>
      وقد روى <source/>النسائي هذا الحديث من طريق <isnad>عبد الجليل بن حميد اليحصبي ، عن الزهري ، عن أبي أمامة</isnad> . ولم يقل : عن أبيه ، فذكر نحوه . وكذا رواه <source/>ابن وهب ، عن <source/>عبد الجليل .
    </tafsir_chunk>"
5210,"<tafsir_chunk>
<methodological_notes>
        هكذا وقع هذا الحديث في مسند <source/>الإمام أحمد ، رحمه الله ، من رواية <isnad>ابن أبي مليكة ، عن عائشة</isnad> ، ليس بينهما أحد . 
        وهكذا رواه <source/>ابن ماجه من طريق <isnad>إسماعيل ابن علية وعبد الوهاب الثقفي ، كلاهما عن أيوب ، عن عبد الله بن عبيد الله بن أبي مليكة ، عنها</isnad> . 
        ورواه <source/>محمد بن يحيى العبدي في مسنده عن <isnad>عبد الوهاب الثقفي ، عن أيوب ، به</isnad> . 
        وكذا رواه <source/>عبد الرزاق ، عن معمر عن أيوب . وكذا رواه غير واحد عن أيوب . وقد رواه <source/>ابن حبان في صحيحه ، من حديث أيوب ، به . 
        وتابع أيوب <isnad>أبو عامر الخزاز وغيره عن ابن أبي مليكة</isnad> ، فرواه <source/>الترمذي عن <isnad>بندار ، عن أبي داود الطيالسي ، عن أبي عامر الخزاز</isnad> ، فذكره . 
        وهكذا رواه <source/>سعيد بن منصور في سننه ، عن <isnad>حماد بن يحيى الأبح ، عن عبد الله بن أبي مليكة ، عن عائشة</isnad> . 
        ورواه <source/>ابن جرير ، من حديث <isnad>روح بن القاسم ونافع بن عمر الجمحي ، كلاهما عن ابن أبي مليكة ، عن عائشة</isnad> ، به . 
        وقال <isnad>نافع</isnad> في روايته عن ابن أبي مليكة : حدثتني عائشة ، فذكره .
      </methodological_notes>
</tafsir_chunk>"
6425,"<tafsir_chunk>
<hadith_support>
        وقال
        <source/>الإمام أحمد
        : حدثنا
        <isnad>سليمان بن داود أخبرنا عبد الرحمن بن أبي الزناد ، عن أبيه ، عن عبيد الله عن ابن عباس</isnad>
        أنه قال :
        <hadith>ما نصر الله في موطن كما نصره يوم أحد .</hadith>
        قال : فأنكرنا ذلك ، فقال
        <isnad>ابن عباس</isnad>
        : بيني وبين من أنكر ذلك كتاب الله ، إن الله يقول في يوم أحد :
        <quran_verse>( ولقد صدقكم الله وعده إذ تحسونهم بإذنه )</quran_verse>
        يقول
        <isnad>ابن عباس</isnad>
        :
        <linguistic_analysis>والحس : القتل</linguistic_analysis>
<quran_verse>( حتى إذا فشلتم وتنازعتم في الأمر وعصيتم من بعد ما أراكم ما تحبون منكم من يريد الدنيا ومنكم من يريد الآخرة )</quran_verse>
        الآية وإنما عنى بهذا الرماة ، وذلك أن النبي صلى الله عليه وسلم أقامهم في موضع ، ثم قال :
        <hadith>"" احموا ظهورنا ، فإن رأيتمونا نقتل فلا تنصرونا وإن رأيتمونا قد غنمنا فلا تشركونا . ""</hadith>
        فلما غنم النبي صلى الله عليه وسلم وأباحوا عسكر المشركين أكبت الرماة جميعا [ ودخلوا ] في العسكر ينهبون ، ولقد التقت صفوف أصحاب رسول الله صلى الله عليه وسلم ، فهم هكذا - وشبك بين يديه - وانتشبوا ، فلما أخل الرماة تلك الخلة التي كانوا فيها ، دخلت الخيل من ذلك الموضع على أصحاب رسول الله صلى الله عليه وسلم ، فضرب بعضهم بعضا والتبسوا ، وقتل من المسلمين ناس كثير ، وقد كان لرسول الله صلى الله عليه وسلم وأصحابه أول النهار ، حتى قتل من أصحاب لواء المشركين سبعة أو تسعة ، وجال المسلمون جولة نحو الجبل ولم يبلغوا - حيث يقول الناس - الغار ، إنما كان تحت المهراس ، وصاح الشيطان : قتل محمد ، فلم يشك فيه أنه حق ، فما زلنا كذلك ما نشك أنه حق ، حتى طلع رسول الله صلى الله عليه وسلم بين السعدين ، نعرفه بتلفته إذا مشى - قال : ففرحنا حتى كأنه لم يصبنا ما أصابنا - قال : فرقي نحونا وهو يقول :
        <hadith>"" اشتد غضب الله على قوم دموا وجه رسول الله ""</hadith>
        . ويقول مرة أخرى :
        <hadith>"" اللهم إنه ليس لهم أن يعلونا ""</hadith>
        . حتى انتهى إلينا ، فمكث ساعة ، فإذا أبو سفيان يصيح في أسفل الجبل : اعل هبل ، مرتين - يعني آلهته - أين ابن أبي كبشة ؟ أين ابن أبي قحافة ؟ أين ابن الخطاب ؟ فقال
        <isnad>عمر</isnad>
        : يا رسول الله ، ألا أجيبه ؟ قال :
        <hadith>"" بلى ""</hadith>
        قال : فلما قال : اعل هبل . قال
        <isnad>عمر</isnad>
        : الله أعلى وأجل . فقال أبو سفيان : قد أنعمت عينها فعاد عنها أو : فعال ! فقال : أين ابن أبي كبشة ؟ أين ابن أبي قحافة ؟ أين ابن الخطاب ؟ فقال
        <isnad>عمر</isnad>
        : هذا رسول الله ، وهذا أبو بكر ، وها أنا ذا عمر . قال : فقال أبو سفيان : يوم بيوم بدر ، الأيام دول ، وإن الحرب سجال . قال : فقال
        <isnad>عمر</isnad>
        : لا سواء ، قتلانا في الجنة وقتلاكم في النار . قال إنكم تزعمون ذلك ، لقد خبنا إذا وخسرنا ، ثم قال أبو سفيان : إنكم ستجدون في قتلاكم مثلة ولم يكن ذلك على رأي سراتنا . قال : ثم أدركته حمية الجاهلية فقال : أما إنه إن كان ذلك لم نكرهه .
      </hadith_support>
</tafsir_chunk>"
6430,"<tafsir_chunk>
<hadith_support>
        وقال
        <source/>محمد بن إسحاق
        : حدثني
        <isnad>يحيى بن عباد بن عبد الله بن الزبير ، عن أبيه ، عن جده أن الزبير بن العوام</isnad>
        قال : والله لقد رأيتني أنظر إلى خدم [ هند ] وصواحباتها مشمرات هوارب ما دون أخذهن كثير ولا قليل ومالت الرماة إلى العسكر حين كشفنا القوم عنه ، يريدون النهب وخلوا ظهورنا للخيل فأتتنا من أدبارنا ، وصرخ صارخ : ألا إن محمدا قد قتل . فانكفأنا وانكفأ علينا القوم بعد أن أصبنا أصحاب اللواء ، حتى ما يدنو منه أحد من القوم . قال
        <isnad>محمد بن إسحاق</isnad>
        : فلم يزل لواء المشركين صريعا ، حتى أخذته عمرة بنت علقمة الحارثية ، فدفعته لقريش فلاثوا به ،
      </hadith_support>
      وقال
      <source/>السدي
      عن
      <isnad>عبد خير</isnad>
      قال : قال
      <isnad>عبد الله بن مسعود</isnad>
      قال : ما كنت أرى أن أحدا من أصحاب رسول الله صلى الله عليه وسلم يريد الدنيا حتى نزلت فينا ما نزل يوم أحد
      <quran_verse>( منكم من يريد الدنيا ومنكم من يريد الآخرة )</quran_verse>
      وقد روي من غير وجه عن
      <isnad>ابن مسعود</isnad>
      ، وكذا روي عن
      <isnad>عبد الرحمن بن عوف</isnad>
      و
      <isnad>أبي طلحة</isnad>
      ، رواهن
      <source/>ابن مردويه
      في تفسيره .
    </tafsir_chunk>"
6431,"<tafsir_chunk>
      وقوله :
      <quran_verse>( ثم صرفكم عنهم ليبتليكم )</quran_verse>
      قال
      <source/>ابن إسحاق
      : حدثني
      <isnad>القاسم بن عبد الرحمن بن رافع ، أحد بني عدي بن النجار</isnad>
      قال : انتهى
      <isnad>أنس بن النضر ، عم أنس بن مالك</isnad>
      ، إلى
      <isnad>عمر بن الخطاب</isnad>
      و
      <isnad>طلحة بن عبيد الله</isnad>
      ، في رجال من المهاجرين والأنصار ، قد ألقوا بأيديهم فقال : ما يخليكم ؟ فقالوا : قتل رسول الله صلى الله عليه وسلم . قال : فما تصنعون بالحياة بعده ؟ قوموا فموتوا على ما مات عليه . ثم استقبل القوم فقاتل حتى قتل .
    </tafsir_chunk>"
6433,"<tafsir_chunk>
<argument>
        وقال
        <source/>البخاري [ أيضا ]
        حدثنا
        <isnad>عبدان ، أخبرنا أبو حمزة عن عثمان بن موهب</isnad>
        قال : جاء رجل حج البيت ، فرأى قوما جلوسا ، فقال : من هؤلاء القعود ؟ قالوا : هؤلاء قريش . قال : من الشيخ ؟ قالوا :
        <isnad>ابن عمر</isnad>
        . فأتاه فقال : إني سائلك عن شيء فحدثني . قال : أنشدك بحرمة هذا البيت أتعلم أن عثمان بن عفان فر يوم أحد ؟ قال : نعم . قال : فتعلمه تغيب عن بدر فلم يشهدها ؟ قال : نعم . قال : فتعلم أنه تخلف عن بيعة الرضوان فلم يشهدها ؟ قال : نعم . قال : فكبر ، فقال
        <isnad>ابن عمر</isnad>
        : تعال لأخبرك ولأبين لك عما سألتني عنه . أما فراره يوم أحد فأشهد أن الله عفا عنه ، وأما تغيبه عن بدر فإنه كان تحته بنت النبي صلى الله عليه وسلم ، وكانت مريضة ، فقال له رسول الله صلى الله عليه وسلم :
        <hadith>"" إن لك أجر رجل ممن شهد بدرا وسهمه ""</hadith>
        . وأما تغيبه عن بيعة الرضوان فلو كان أحد أعز ببطن مكة من عثمان لبعثه مكانه ، فبعث عثمان ، فكانت بيعة الرضوان بعد ما ذهب عثمان إلى مكة . فقال النبي صلى الله عليه وسلم بيده اليمنى :
        <hadith>"" هذه يد عثمان ""</hadith>
        . فضرب بها على يده ، فقال :
        <hadith>"" هذه يد عثمان اذهب بها الآن معك ""</hadith>
        . ثم رواه
        <source/>البخاري
        من وجه آخر عن
        <isnad>أبي عوانة عن عثمان بن عبد الله بن موهب</isnad>
        .
      </argument>
</tafsir_chunk>"
6440,"<tafsir_chunk>
      وقد كان النبي صلى الله عليه وسلم قد أفرد في اثني عشر رجلا من أصحابه ، كما قال 
      <source/>الإمام أحمد
      : حدثنا 
      <isnad>حسن بن موسى ، حدثنا زهير ، حدثنا أبو إسحاق أن البراء بن عازب</isnad> 
      قال : 
      <hadith_support>
        جعل رسول الله صلى الله عليه وسلم على الرماة يوم أحد - وكانوا خمسين رجلا - 
        <isnad>عبد الله بن جبير</isnad> 
        قال : ووضعهم موضعا وقال : 
        <hadith>"" إن رأيتمونا تخطفنا الطير فلا تبرحوا حتى أرسل إليكم وإن رأيتمونا ظهرنا على العدو وأوطأناهم فلا تبرحوا حتى أرسل إليكم ""</hadith> 
        قال : فهزموهم . 
        
        قال : فأنا والله رأيت النساء يشتددن على الجبل ، وقد بدت أسؤقهن وخلاخلهن رافعات ثيابهن ، فقال أصحاب عبد الله : الغنيمة ، أي قوم ، الغنيمة ، ظهر أصحابكم فما تنتظرون ؟ قال 
        <isnad>عبد الله بن جبير</isnad>
        : أنسيتم ما قال لكم رسول الله صلى الله عليه وسلم ؟ فقالوا : إنا والله لنأتين الناس فلنصيبن من الغنيمة . فلما أتوهم صرفت وجوههم فأقبلوا منهزمين ، فذلك الذي يدعوهم الرسول في أخراكم ، فلم يبق مع رسول الله صلى الله عليه وسلم غير اثني عشر رجلا فأصابوا منا سبعين ، وكان رسول الله صلى الله عليه وسلم وأصحابه أصابوا من المشركين يوم بدر أربعين ومائة : سبعين أسيرا وسبعين قتيلا . قال أبو سفيان : أفي القوم محمد ؟ أفي القوم محمد ؟ أفي القوم محمد ؟ - ثلاثا - قال : فنهاهم رسول الله صلى الله عليه وسلم أن يجيبوه ، ثم قال : أفي القوم ابن أبي قحافة ؟ أفي القوم ابن أبي قحافة ؟ أفي القوم ابن الخطاب ؟ أفي القوم ابن الخطاب ؟ ثم أقبل على أصحابه فقال : أما هؤلاء فقد قتلوا ، قد كفيتموه . فما ملك عمر نفسه أن قال : كذبت والله يا عدو الله ، إن الذين عددت لأحياء كلهم ، وقد بقي لك ما يسوءك . فقال يوم بيوم بدر ، والحرب سجال ، إنكم ستجدون في القوم مثلة لم آمر بها ولم تسؤني ثم أخذ يرتجز ، يقول : اعل هبل . اعل هبل . فقال رسول الله صلى الله عليه وسلم : 
        <hadith>"" ألا تجيبوه ؟ ""</hadith> 
        قالوا : يا رسول الله ، ما نقول ؟ قال : 
        <hadith>"" قولوا : الله أعلى وأجل ""</hadith>
        . قال : لنا العزى ولا عزى لكم . فقال رسول الله صلى الله عليه وسلم : 
        <hadith>"" ألا تجيبوه ؟ ""</hadith> 
        . قالوا : يا رسول الله ، وما نقول ؟ قال : 
        <hadith>"" قولوا : الله مولانا ولا مولى لكم ""</hadith>
        .
      </hadith_support>
      وقد رواه 
      <source/>البخاري 
      من حديث 
      <isnad>زهير بن معاوية</isnad> 
      مختصرا ، ورواه من حديث 
      <isnad>إسرائيل ، عن أبي إسحاق</isnad> 
      بأبسط من هذا ، كما تقدم . والله أعلم .
    </tafsir_chunk>"
6445,"<tafsir_chunk>
      وقال 
      <source/>الحسن بن عرفة
      : حدثنا 
      <isnad>ابن مروان بن معاوية ، عن هاشم بن هاشم الزهري</isnad>
      ، قال سمعت 
      <isnad>سعيد بن المسيب</isnad> 
      يقول : سمعت 
      <isnad>سعد بن أبي وقاص</isnad> 
      يقول : 
      <hadith_support>
        نثل لي رسول الله صلى الله عليه وسلم كنانته يوم أحد قال : 
        <hadith>"" ارم فداك أبي وأمي ""</hadith>
         .
      </hadith_support>
      وأخرجه 
      <source/>البخاري
      ، عن 
      <isnad>عبد الله بن محمد ، عن مروان بن معاوية</isnad>
      .
    </tafsir_chunk>"
6456,"<tafsir_chunk>
      وقال 
      <source/>أبو داود الطيالسي
      : حدثنا 
      <isnad>ابن المبارك ، عن إسحاق بن يحيى بن طلحة بن عبيد الله ، أخبرني عيسى بن طلحة ، عن أم المؤمنين عائشة</isnad>
      ، رضي الله عنها ، قالت : كان 
      <isnad>أبو بكر</isnad>
      ، رضي الله عنه ، إذا ذكر يوم أحد قال 
      <opinions_of_scholars>ذاك يوم كله لطلحة</opinions_of_scholars>
      ، ثم أنشأ يحدث قال : 
      <historical_context>
        كنت أول من فاء يوم أحد ، فرأيت رجلا يقاتل مع رسول الله صلى الله عليه وسلم دونه - وأراه قال : حمية فقال فقلت : كن طلحة ، حيث فاتني ما فاتني ، فقلت : يكون رجلا من قومي أحب إلي ، وبيني وبين المشركين رجل لا أعرفه ، وأنا أقرب إلى رسول الله صلى الله عليه وسلم منه ، وهو يخطف المشي خطفا لا أحفظه فإذا هو 
        <isnad>أبو عبيدة بن الجراح</isnad>
         ، فانتهينا إلى رسول الله صلى الله عليه وسلم : وقد كسرت رباعيته وشج في وجهه ، وقد دخل في وجنته حلقتان من حلق المغفر ، قال رسول الله صلى الله عليه وسلم : 
        <hadith>"" عليكما صاحبكما ""</hadith> 
        . يريد طلحة ، وقد نزف ، فلم نلتفت إلى قوله ، قال : وذهبت لأن أنزع ذلك من وجهه ، فقال 
        <isnad>أبو عبيدة</isnad>
        : أقسمت عليك بحقي لما تركتني . فتركته ، فكره أن يتناولها بيده فيؤذي النبي صلى الله عليه وسلم ، فأزم عليها بفيه فاستخرج إحدى الحلقتين ، ووقعت ثنيته مع الحلقة ، ذهبت لأصنع ما صنع ، فقال : أقسمت عليك بحقي لما تركتني ، قال : ففعل مثل ما فعل في المرة الأولى ، فوقعت ثنيته الأخرى مع الحلقة ، فكان أبو عبيدة ، رضي الله عنه ، أحسن الناس هتما ، فأصلحنا من شأن رسول الله صلى الله عليه وسلم ، ثم أتينا طلحة في بعض تلك الجفار ، فإذا به بضع وسبعون أو أقل أو أكثر من طعنة ورمية وضربة ، وإذا قد قطعت إاصبعه ، فأصلحنا من شأنه .
      </historical_context>
      ورواه 
      <source/>الهيثم بن كليب ، والطبراني
       ، من حديث 
      <isnad>إسحاق بن يحيى</isnad> 
      به . وعند 
      <source/>الهيثم
       : فقال أبو عبيدة : أنشدك يا أبا بكر إلا تركتني ؟ فأخذ أبو عبيدة السهم بفيه ، فجعل ينضنضه كراهية أن يؤذي رسول الله صلى الله عليه وسلم ، ثم استل السهم بفيه فبدرت ثنية أبي عبيدة . وذكر تمامه ، واختاره 
      <source/>الحافظ الضياء المقدسي 
      في كتابه ، وقد 
      <chain_evaluation>ضعف علي بن المديني هذا الحديث من جهة إسحاق بن يحيى هذا ، فإنه تكلم فيه يحيى بن سعيد القطان ، وأحمد ، ويحيى بن معين ، والبخاري ، وأبو زرعة ، وأبو حاتم ، ومحمد بن سعد ، والنسائي وغيرهم .</chain_evaluation>
</tafsir_chunk>"
6460,"<tafsir_chunk>
      قال 
      <isnad>ابن عباس</isnad>
      : 
      <opinions_of_scholars>
        الغم الأول : بسبب الهزيمة ، وحين قيل : قتل محمد صلى الله عليه وسلم ، والثاني : حين علاهم المشركون فوق الجبل ، وقال النبي صلى الله عليه وسلم : 
        <hadith>"" اللهم ليس لهم أن يعلونا ""</hadith>
         .
      </opinions_of_scholars>
      وعن 
      <isnad>عبد الرحمن بن عوف</isnad>
      : 
      <opinions_of_scholars>
        الغم الأول : بسبب الهزيمة ، والثاني : حين قيل : قتل محمد صلى الله عليه وسلم ، كان ذلك عندهم أعظم من الهزيمة .
      </opinions_of_scholars>
      رواهما 
      <source/>ابن مردويه
       ، وروي عن 
      <isnad>عمر بن الخطاب</isnad> 
      نحو ذلك . وذكر 
      <source/>ابن أبي حاتم 
      عن 
      <isnad>قتادة</isnad> 
      نحو ذلك أيضا .
    </tafsir_chunk>"
